message_id,sender,recipient,payload,ingress_provider_sending_time,route,delays,valid_intervals,cover_bool
1,U496,U763,wpotfavvzs,0,['M2'; 'M4'; 'M5'],[4379; 4576; 19187],[[0; 13137]; [0; 18107]; [0; 66516]],False
2,U180,U230,ennpmaldxd,0,['M1'; 'M4'; 'M5'],[8095; 5619; 11412],[[0; 24285]; [2476; 24952]; [2302; 47950]],False
3,U519,U644,ufmjuwqzhv,0,['M1'; 'M3'; 'M6'],[1342; 7800; 38024],[[0; 4026]; [0; 24742]; [0; 123214]],False
4,U881,U312,ugzyjiizna,0,['M2'; 'M3'; 'M5'],[38085; 9336; 2381],[[0; 114255]; [28749; 66093]; [45040; 54564]],False
5,U612,U975,unxyqzbcez,0,['M1'; 'M4'; 'M6'],[705; 3507; 4858],[[0; 2115]; [0; 11226]; [0; 18786]],False
6,U687,U983,roshfsnpom,0,['M2'; 'M3'; 'M6'],[22257; 1037; 33289],[[0; 66771]; [21220; 25368]; [0; 123161]],False
7,U29,U785,hanbelhyjx,0,['M2'; 'M4'; 'M6'],[51815; 6105; 68480],[[0; 155445]; [45710; 70130]; [0; 263360]],False
8,U320,U558,fhymslsnyd,0,['M2'; 'M3'; 'M6'],[582; 20718; 7304],[[0; 1746]; [0; 62736]; [13996; 43212]],False
9,U798,U725,ijfkqlolxd,0,['M2'; 'M4'; 'M6'],[15819; 14183; 7399],[[0; 47457]; [1636; 58368]; [22603; 52199]],False
10,U482,U893,wzsmkusqsp,0,['M2'; 'M4'; 'M5'],[47138; 537; 26105],[[0; 141414]; [46601; 48749]; [21570; 125990]],False
11,U100,U143,nkbzuwlxwa,0,['M1'; 'M3'; 'M5'],[8292; 14926; 2866],[[0; 24876]; [0; 53070]; [20352; 31816]],False
12,U473,U644,zdbatvbalu,0,['M2'; 'M4'; 'M6'],[10996; 23164; 6838],[[0; 32988]; [0; 80488]; [27322; 54674]],False
13,U106,U241,jnfkennluq,0,['M2'; 'M3'; 'M6'],[2725; 5212; 3299],[[0; 8175]; [0; 18361]; [4638; 17834]],False
14,U930,U981,iubkdrlpgs,0,['M1'; 'M4'; 'M6'],[4953; 20170; 554],[[0; 14859]; [0; 65463]; [24569; 26785]],False
15,U835,U689,yrvfrwimtf,0,['M1'; 'M4'; 'M6'],[5391; 2275; 4405],[[0; 16173]; [3116; 12216]; [3261; 20881]],False
16,U445,U286,vcuyvcyjyh,0,['M1'; 'M3'; 'M5'],[1513; 5006; 2010],[[0; 4539]; [0; 16531]; [4509; 12549]],False
17,U329,U726,ezqbojtisu,0,['M1'; 'M3'; 'M5'],[2321; 5814; 5250],[[0; 6963]; [0; 19763]; [2885; 23885]],False
18,U825,U480,sqpqijggai,0,['M1'; 'M4'; 'M5'],[19606; 707; 11671],[[0; 58818]; [18899; 21727]; [8642; 55326]],False
19,U430,U689,ubkcoaolwq,0,['M1'; 'M3'; 'M5'],[1871; 2691; 5109],[[0; 5613]; [0; 9944]; [0; 19889]],False
20,U982,U739,dzxncwefwt,0,['M2'; 'M3'; 'M6'],[6095; 6250; 2118],[[0; 18285]; [0; 24845]; [10227; 18699]],False
21,U172,U140,tdqtzklmtb,0,['M1'; 'M4'; 'M6'],[10541; 16174; 18105],[[0; 31623]; [0; 59063]; [8610; 81030]],False
22,U439,U975,egmkimqkil,0,['M2'; 'M4'; 'M5'],[5738; 13562; 2081],[[0; 17214]; [0; 46424]; [17219; 25543]],False
23,U194,U998,zoaaszrnkg,0,['M2'; 'M3'; 'M6'],[40858; 2056; 23417],[[0; 122574]; [38802; 47026]; [19497; 113165]],False
24,U419,U192,nqemvsjcsq,0,['M1'; 'M4'; 'M5'],[32367; 3598; 4679],[[0; 97101]; [28769; 43161]; [31286; 50002]],False
25,U307,U714,jifoebxzvt,0,['M2'; 'M3'; 'M5'],[12322; 25650; 13400],[[0; 36966]; [0; 89272]; [24572; 78172]],False
26,U274,U595,nrbnagttor,0,['M1'; 'M4'; 'M6'],[4784; 6176; 1521],[[0; 14352]; [0; 23312]; [9439; 15523]],False
27,U720,U120,nqcjlpitsk,0,['M2'; 'M4'; 'M6'],[18595; 955; 2749],[[0; 55785]; [17640; 21460]; [16801; 27797]],False
28,U385,U636,npitqumimc,0,['M1'; 'M3'; 'M6'],[26804; 543; 36437],[[0; 80412]; [26261; 28433]; [0; 136658]],False
29,U965,U426,birdlddknf,0,['M2'; 'M4'; 'M5'],[4282; 4976; 10653],[[0; 12846]; [0; 19210]; [0; 41217]],False
30,U971,U328,uwjxnbhiht,0,['M1'; 'M4'; 'M5'],[19040; 43134; 18515],[[0; 57120]; [0; 148442]; [43659; 117719]],False
31,U447,U790,yrdfmwyodm,0,['M2'; 'M4'; 'M6'],[1046; 1809; 2685],[[0; 3138]; [0; 6473]; [170; 10910]],False
32,U159,U758,ncxgcxxygl,0,['M1'; 'M3'; 'M5'],[8691; 2090; 3339],[[0; 26073]; [6601; 14961]; [7442; 20798]],False
33,U97,U396,lvckertiik,0,['M2'; 'M4'; 'M5'],[3608; 3788; 6458],[[0; 10824]; [0; 14972]; [938; 26770]],False
34,U112,U136,plidvtzbep,0,['M1'; 'M4'; 'M6'],[21176; 2681; 8430],[[0; 63528]; [18495; 29219]; [15427; 49147]],False
35,U246,U950,azsgtbjnmo,0,['M1'; 'M4'; 'M6'],[25681; 15961; 18972],[[0; 77043]; [9720; 73564]; [22670; 98558]],False
36,U323,U626,sgzxsblhhp,0,['M2'; 'M4'; 'M5'],[2671; 6142; 22336],[[0; 8013]; [0; 21097]; [0; 75821]],False
37,U727,U449,vprhxulaiw,0,['M1'; 'M4'; 'M6'],[13489; 10431; 3142],[[0; 40467]; [3058; 44782]; [20778; 33346]],False
38,U410,U567,ubbcresmql,0,['M1'; 'M3'; 'M6'],[2423; 1285; 24800],[[0; 7269]; [1138; 6278]; [0; 78108]],False
39,U937,U462,fvhzremfiu,0,['M1'; 'M3'; 'M5'],[3152; 15071; 1762],[[0; 9456]; [0; 48365]; [16461; 23509]],False
40,U234,U539,aaychyqxsp,0,['M1'; 'M3'; 'M6'],[18248; 13366; 4903],[[0; 54744]; [4882; 58346]; [26711; 46323]],False
41,U127,U280,weqoiukmnz,0,['M1'; 'M3'; 'M5'],[4033; 7346; 5430],[[0; 12099]; [0; 26071]; [5949; 27669]],False
42,U55,U573,mcnukxzglr,0,['M2'; 'M3'; 'M5'],[6076; 5319; 8715],[[0; 18228]; [757; 22033]; [2680; 37540]],False
43,U33,U465,hjywuqnjxb,0,['M2'; 'M4'; 'M6'],[5003; 5475; 3763],[[0; 15009]; [0; 21428]; [6715; 21767]],False
44,U587,U982,znjujkfewf,0,['M1'; 'M3'; 'M6'],[6456; 3322; 11165],[[0; 19368]; [3134; 16422]; [0; 43273]],False
45,U845,U100,gzjqnbqlng,0,['M2'; 'M4'; 'M5'],[4163; 2253; 8203],[[0; 12489]; [1910; 10922]; [0; 31025]],False
46,U528,U575,udlsobfyjn,0,['M1'; 'M4'; 'M5'],[6370; 11133; 4263],[[0; 19110]; [0; 39769]; [13240; 30292]],False
47,U63,U836,bpknksmkrm,0,['M1'; 'M3'; 'M5'],[1704; 21650; 28282],[[0; 5112]; [0; 66654]; [0; 108200]],False
48,U125,U652,lertvnszan,0,['M1'; 'M4'; 'M6'],[2739; 17270; 1872],[[0; 8217]; [0; 54549]; [18137; 25625]],False
49,U474,U677,ezaozwtjue,0,['M1'; 'M4'; 'M5'],[5363; 5188; 6669],[[0; 16089]; [175; 20927]; [3882; 30558]],False
50,U272,U193,xfuqghjeps,0,['M2'; 'M3'; 'M6'],[5060; 30887; 14299],[[0; 15180]; [0; 97721]; [21648; 78844]],False
51,U154,U9,tqjzzrerae,0,['M2'; 'M3'; 'M5'],[668; 15375; 15552],[[0; 2004]; [0; 46793]; [491; 62699]],False
52,U625,U975,hlcunvvbfw,0,['M2'; 'M3'; 'M6'],[6917; 6384; 8918],[[0; 20751]; [533; 26069]; [4383; 40055]],False
53,U82,U343,omwaqyyvqm,0,['M2'; 'M4'; 'M6'],[17012; 3153; 2423],[[0; 51036]; [13859; 26471]; [17742; 27434]],False
54,U554,U999,jsdnshoqhn,0,['M1'; 'M3'; 'M6'],[33079; 4218; 672],[[0; 99237]; [28861; 45733]; [36625; 39313]],False
55,U884,U980,zvfjxoaqwt,0,['M1'; 'M4'; 'M6'],[2166; 4076; 8789],[[0; 6498]; [0; 14394]; [0; 32609]],False
56,U640,U199,aorxionrur,0,['M1'; 'M3'; 'M5'],[9605; 16549; 760],[[0; 28815]; [0; 59252]; [25394; 28434]],False
57,U725,U831,lealswdvfx,0,['M2'; 'M3'; 'M6'],[7653; 606; 1635],[[0; 22959]; [7047; 9471]; [6624; 13164]],False
58,U717,U106,csyazaiayw,0,['M1'; 'M4'; 'M5'],[5335; 1117; 5328],[[0; 16005]; [4218; 8686]; [1124; 22436]],False
59,U900,U318,gttxfpkxzh,0,['M2'; 'M4'; 'M5'],[13820; 8178; 11226],[[0; 41460]; [5642; 38354]; [10772; 55676]],False
60,U535,U985,huaecoovps,0,['M1'; 'M3'; 'M5'],[1453; 1268; 4888],[[0; 4359]; [185; 5257]; [0; 17385]],False
61,U567,U125,wvdfwskkru,0,['M2'; 'M4'; 'M5'],[3608; 17825; 5816],[[0; 10824]; [0; 57083]; [15617; 38881]],False
62,U435,U744,qpuogwqhox,0,['M1'; 'M4'; 'M6'],[2515; 3575; 8104],[[0; 7545]; [0; 13240]; [0; 30402]],False
63,U342,U38,lqyvfmpveo,0,['M2'; 'M3'; 'M5'],[15002; 2473; 2840],[[0; 45006]; [12529; 22421]; [14635; 25995]],False
64,U611,U223,pvxfmmkfwc,0,['M1'; 'M3'; 'M6'],[3043; 1542; 14298],[[0; 9129]; [1501; 7669]; [0; 47479]],False
65,U216,U543,dmhfpdimfu,0,['M1'; 'M4'; 'M6'],[4524; 6484; 9520],[[0; 13572]; [0; 23976]; [1488; 39568]],False
66,U204,U503,dasncmdzcs,0,['M1'; 'M4'; 'M5'],[10618; 1332; 831],[[0; 31854]; [9286; 14614]; [11119; 14443]],False
67,U886,U26,nexwivscum,0,['M2'; 'M4'; 'M5'],[843; 2242; 1714],[[0; 2529]; [0; 7569]; [1371; 8227]],False
68,U58,U935,cntbmtvxnf,0,['M1'; 'M4'; 'M6'],[14239; 946; 1360],[[0; 42717]; [13293; 17077]; [13825; 19265]],False
69,U770,U906,lcmrxrhjmg,0,['M2'; 'M4'; 'M5'],[8306; 7257; 16718],[[0; 24918]; [1049; 30077]; [0; 65717]],False
70,U455,U31,gasmlxzoea,0,['M1'; 'M3'; 'M6'],[19455; 928; 20829],[[0; 58365]; [18527; 22239]; [0; 82870]],False
71,U919,U121,baggfucykq,0,['M1'; 'M3'; 'M6'],[32567; 4258; 6856],[[0; 97701]; [28309; 45341]; [29969; 57393]],False
72,U375,U407,yldetijuyp,0,['M2'; 'M4'; 'M5'],[14293; 4214; 4516],[[0; 42879]; [10079; 26935]; [13991; 32055]],False
73,U610,U976,btcbmqdnqg,0,['M1'; 'M3'; 'M5'],[4591; 3039; 4262],[[0; 13773]; [1552; 13708]; [3368; 20416]],False
74,U861,U100,cgkljfwjal,0,['M2'; 'M3'; 'M5'],[21835; 6447; 936],[[0; 65505]; [15388; 41176]; [27346; 31090]],False
75,U343,U511,hgqicqynxd,0,['M1'; 'M3'; 'M5'],[2770; 4705; 4583],[[0; 8310]; [0; 16885]; [2892; 21224]],False
76,U711,U618,ykqexhbkku,60000,['M1'; 'M4'; 'M6'],[9917; 5280; 10024],[[50083; 89751]; [64637; 85757]; [65173; 105269]],False
77,U645,U810,tawdqcbhtw,60000,['M2'; 'M3'; 'M6'],[1158; 7383; 5654],[[58842; 63474]; [53775; 83307]; [62887; 85503]],False
78,U725,U975,dfhvrzxsqm,60000,['M1'; 'M4'; 'M6'],[31248; 2331; 1734],[[28752; 153744]; [88917; 98241]; [91845; 98781]],False
79,U317,U239,lgjhaonvfm,60000,['M2'; 'M4'; 'M6'],[11430; 1733; 3428],[[48570; 94290]; [69697; 76629]; [69735; 83447]],False
80,U783,U376,wioegeiowf,60000,['M1'; 'M4'; 'M6'],[7053; 10608; 9183],[[52947; 81159]; [56445; 98877]; [68478; 105210]],False
81,U547,U652,nfydbyhivf,60000,['M2'; 'M3'; 'M5'],[3846; 750; 26951],[[56154; 71538]; [63096; 66096]; [37645; 145449]],False
82,U266,U590,rdiizqvqvi,60000,['M1'; 'M3'; 'M6'],[2119; 9366; 9848],[[57881; 66357]; [52753; 90217]; [61637; 101029]],False
83,U651,U860,jqddpklugr,60000,['M2'; 'M4'; 'M6'],[3059; 7754; 21859],[[56941; 69177]; [55305; 86321]; [48954; 136390]],False
84,U595,U620,bupqfjtmec,60000,['M2'; 'M3'; 'M6'],[15789; 1468; 18275],[[44211; 107367]; [74321; 80193]; [58982; 132082]],False
85,U7,U740,afjtakwdni,60000,['M1'; 'M4'; 'M5'],[773; 5470; 3691],[[59227; 62319]; [55303; 77183]; [62552; 77316]],False
86,U590,U15,qybjxvcteu,60000,['M2'; 'M4'; 'M5'],[8287; 8928; 11119],[[51713; 84861]; [59359; 95071]; [66096; 110572]],False
87,U667,U455,ufblrpeinr,60000,['M2'; 'M4'; 'M5'],[22486; 2586; 16282],[[37514; 127458]; [79900; 90244]; [68790; 133918]],False
88,U696,U216,axhrgnmtyl,60000,['M1'; 'M3'; 'M6'],[1156; 1792; 1726],[[58844; 63468]; [59364; 66532]; [61222; 68126]],False
89,U423,U938,schvuahohp,60000,['M1'; 'M4'; 'M5'],[2607; 30092; 19754],[[57393; 67821]; [32515; 152883]; [72945; 151961]],False
90,U987,U614,naydhsvtax,60000,['M1'; 'M3'; 'M6'],[9481; 2333; 4175],[[50519; 88443]; [67148; 76480]; [67639; 84339]],False
91,U523,U486,vwllvmtmeu,60000,['M2'; 'M3'; 'M6'],[8366; 6861; 6312],[[51634; 85098]; [61505; 88949]; [68915; 94163]],False
92,U323,U626,jbfweccygp,60000,['M1'; 'M3'; 'M6'],[27087; 1705; 2092],[[32913; 141261]; [85382; 92202]; [86700; 95068]],False
93,U16,U996,qczbjrlnft,60000,['M1'; 'M3'; 'M6'],[673; 7069; 8131],[[59327; 62019]; [53604; 81880]; [59611; 92135]],False
94,U397,U561,sbtsixyvgk,60000,['M2'; 'M4'; 'M5'],[33186; 10128; 2674],[[26814; 159558]; [83058; 123570]; [100640; 111336]],False
95,U797,U757,iaxivkcilu,60000,['M2'; 'M4'; 'M5'],[6953; 20248; 7871],[[53047; 80859]; [46705; 127697]; [79330; 110814]],False
96,U153,U64,vgyhgtqcwf,60000,['M2'; 'M4'; 'M6'],[11077; 1036; 2581],[[48923; 93231]; [70041; 74185]; [69532; 79856]],False
97,U435,U940,svayztkskm,60000,['M1'; 'M3'; 'M6'],[940; 16581; 38656],[[59060; 62820]; [44359; 110683]; [38865; 193489]],False
98,U13,U323,zejfebzodg,60000,['M2'; 'M4'; 'M6'],[6774; 7662; 641],[[53226; 80322]; [59112; 89760]; [73795; 76359]],False
99,U470,U622,rzdsqsqfhq,60000,['M2'; 'M3'; 'M6'],[15042; 8109; 1601],[[44958; 105126]; [66933; 99369]; [81550; 87954]],False
100,U516,U851,pjmewkcjkq,60000,['M2'; 'M4'; 'M6'],[4770; 8470; 13076],[[55230; 74310]; [56300; 90180]; [60164; 112468]],False
101,U817,U944,yjeomotysv,60000,['M2'; 'M3'; 'M5'],[6293; 6052; 5966],[[53707; 78879]; [60241; 84449]; [66379; 90243]],False
102,U162,U596,yoqfvgumum,60000,['M2'; 'M3'; 'M6'],[608; 7891; 2455],[[59392; 61824]; [52717; 84281]; [66044; 75864]],False
103,U924,U231,lbvviebljx,60000,['M1'; 'M4'; 'M6'],[24977; 15285; 10516],[[35023; 134931]; [69692; 130832]; [89746; 131810]],False
104,U84,U464,bepututjek,60000,['M2'; 'M4'; 'M6'],[5180; 672; 3080],[[54820; 75540]; [64508; 67196]; [62772; 75092]],False
105,U890,U51,jexspithcl,60000,['M1'; 'M4'; 'M6'],[8955; 3801; 12399],[[51045; 86865]; [65154; 80358]; [60357; 109953]],False
106,U87,U332,wrjcpxfszn,60000,['M2'; 'M4'; 'M5'],[7285; 15626; 4266],[[52715; 81855]; [51659; 114163]; [78645; 95709]],False
107,U910,U687,eaycvyxukc,60000,['M1'; 'M3'; 'M6'],[25423; 3784; 1762],[[34577; 136269]; [81639; 96775]; [87445; 94493]],False
108,U679,U332,wecsmkpdmq,60000,['M1'; 'M4'; 'M6'],[33244; 7567; 15096],[[26756; 159732]; [85677; 115945]; [85715; 146099]],False
109,U151,U978,zcqdffjiur,60000,['M1'; 'M3'; 'M6'],[46823; 5604; 5647],[[13177; 200469]; [101219; 123635]; [106780; 129368]],False
110,U296,U121,jhmfdjcdzb,60000,['M2'; 'M4'; 'M5'],[5062; 20829; 15997],[[54938; 75186]; [44233; 127549]; [69894; 133882]],False
111,U618,U317,qfkvrzjjkq,60000,['M1'; 'M3'; 'M6'],[4270; 7821; 20402],[[55730; 72810]; [56449; 87733]; [51689; 133297]],False
112,U929,U180,brvhoqhriy,60000,['M1'; 'M3'; 'M6'],[10972; 4514; 11799],[[49028; 92916]; [66458; 84514]; [63687; 110883]],False
113,U53,U101,hjhlehltjs,60000,['M1'; 'M3'; 'M5'],[11499; 23946; 7625],[[48501; 94497]; [47553; 143337]; [87820; 118320]],False
114,U733,U201,xbeorvajpm,60000,['M1'; 'M3'; 'M5'],[962; 10906; 14629],[[59038; 62886]; [50056; 93680]; [57239; 115755]],False
115,U155,U668,tckgmgyyls,60000,['M1'; 'M3'; 'M6'],[1148; 13271; 14984],[[58852; 63444]; [47877; 100961]; [59435; 119371]],False
116,U518,U906,jetzlsthmw,60000,['M2'; 'M3'; 'M5'],[10471; 25725; 17306],[[49529; 91413]; [44746; 147646]; [78890; 148114]],False
117,U83,U456,rksxjwhhfo,60000,['M2'; 'M3'; 'M6'],[841; 4160; 863],[[59159; 62523]; [56681; 73321]; [64138; 67590]],False
118,U735,U463,dhuswavgdz,60000,['M2'; 'M3'; 'M5'],[2703; 13280; 5765],[[57297; 68109]; [49423; 102543]; [70218; 93278]],False
119,U911,U982,klxniusnbz,60000,['M2'; 'M4'; 'M5'],[21371; 9881; 3627],[[38629; 124113]; [71490; 111014]; [87625; 102133]],False
120,U218,U731,nadvfmtlkc,60000,['M2'; 'M4'; 'M6'],[23938; 4127; 4770],[[36062; 131814]; [79811; 96319]; [83295; 102375]],False
121,U939,U786,nptwianjiw,60000,['M1'; 'M3'; 'M6'],[6009; 731; 6597],[[53991; 78027]; [65278; 68202]; [60143; 86531]],False
122,U24,U337,mytuvbkghv,60000,['M1'; 'M4'; 'M6'],[9735; 11799; 1900],[[50265; 89205]; [57936; 105132]; [79634; 87234]],False
123,U988,U460,wylesdydgd,60000,['M2'; 'M4'; 'M5'],[2060; 10071; 12741],[[57940; 66180]; [51989; 92273]; [59390; 110354]],False
124,U597,U989,ochjroaokj,60000,['M2'; 'M4'; 'M6'],[14771; 799; 34350],[[45229; 104313]; [73972; 77168]; [41220; 178620]],False
125,U544,U321,pqaajcqdvl,60000,['M2'; 'M4'; 'M6'],[4217; 5566; 4697],[[55783; 72651]; [58651; 80915]; [65086; 83874]],False
126,U192,U784,mowylmotsk,60000,['M2'; 'M3'; 'M5'],[19449; 23470; 8339],[[40551; 118347]; [55979; 149859]; [94580; 127936]],False
127,U459,U239,vqwmagswlz,60000,['M1'; 'M4'; 'M6'],[21995; 12653; 34234],[[38005; 125985]; [69342; 119954]; [60414; 197350]],False
128,U331,U525,zrlzbpztev,60000,['M2'; 'M3'; 'M6'],[33779; 10567; 8235],[[26221; 161337]; [83212; 125480]; [96111; 129051]],False
129,U413,U666,dxcqsdwqeu,60000,['M2'; 'M3'; 'M5'],[1347; 14313; 1015],[[58653; 64041]; [47034; 104286]; [74645; 78705]],False
130,U513,U48,blbbvftcpo,60000,['M2'; 'M4'; 'M5'],[29404; 10671; 938],[[30596; 148212]; [78733; 121417]; [99137; 102889]],False
131,U128,U148,buwpaaogde,60000,['M2'; 'M3'; 'M6'],[5524; 11543; 23263],[[54476; 76572]; [53981; 100153]; [53804; 146856]],False
132,U744,U720,qddrtzsait,60000,['M1'; 'M4'; 'M6'],[11273; 18320; 2366],[[48727; 93819]; [52953; 126233]; [87227; 96691]],False
133,U182,U776,jnygmbyfpz,60000,['M1'; 'M4'; 'M6'],[30575; 2412; 9267],[[29425; 151725]; [88163; 97811]; [83720; 120788]],False
134,U431,U893,rldgvyfgym,120000,['M2'; 'M3'; 'M6'],[2192; 9269; 9426],[[117808; 126576]; [112923; 149999]; [122035; 159739]],False
135,U393,U169,tewoycdgew,120000,['M2'; 'M3'; 'M6'],[14720; 6215; 2302],[[105280; 164160]; [128505; 153365]; [138633; 147841]],False
136,U699,U496,dgrszdhjuc,120000,['M1'; 'M4'; 'M5'],[30037; 11867; 6165],[[89963; 210111]; [138170; 185638]; [155739; 180399]],False
137,U574,U621,kurtapmqpe,120000,['M1'; 'M4'; 'M5'],[6611; 9076; 8622],[[113389; 139833]; [117535; 153839]; [127065; 161553]],False
138,U790,U722,czvrpsvpjw,120000,['M1'; 'M3'; 'M5'],[5630; 20200; 6940],[[114370; 136890]; [105430; 186230]; [138890; 166650]],False
139,U716,U497,hssnuszzkb,120000,['M1'; 'M3'; 'M5'],[8776; 20294; 7581],[[111224; 146328]; [108482; 189658]; [141489; 171813]],False
140,U307,U726,ihbpzbvklb,120000,['M1'; 'M4'; 'M5'],[4278; 6468; 5049],[[115722; 132834]; [117810; 143682]; [125697; 145893]],False
141,U962,U938,bkckqzteso,120000,['M1'; 'M4'; 'M6'],[18040; 2002; 6119],[[101960; 174120]; [136038; 144046]; [133923; 158399]],False
142,U357,U569,cbpgiilssc,120000,['M1'; 'M3'; 'M6'],[5151; 6086; 45234],[[114849; 135453]; [119065; 143409]; [86003; 266939]],False
143,U647,U936,dzfpklikfq,120000,['M2'; 'M3'; 'M5'],[23718; 23805; 16986],[[96282; 191154]; [119913; 215133]; [150537; 218481]],False
144,U110,U883,skcnoeanfu,120000,['M1'; 'M4'; 'M6'],[33833; 20261; 1215],[[86167; 221499]; [133572; 214616]; [172879; 177739]],False
145,U218,U300,kxbeqizmuy,120000,['M1'; 'M4'; 'M6'],[2133; 4404; 25808],[[117867; 126399]; [117729; 135345]; [100729; 203961]],False
146,U116,U751,yulgvorkuv,120000,['M2'; 'M3'; 'M5'],[17698; 10087; 26953],[[102302; 173094]; [127611; 167959]; [120832; 228644]],False
147,U193,U326,ifglzkgrxa,120000,['M1'; 'M3'; 'M6'],[2793; 16873; 15030],[[117207; 128379]; [105920; 173412]; [124636; 184756]],False
148,U34,U696,lkhucvwuix,120000,['M2'; 'M3'; 'M5'],[12383; 41829; 20101],[[107617; 157149]; [90554; 257870]; [154111; 234515]],False
149,U93,U81,eluvifrtje,120000,['M2'; 'M4'; 'M6'],[2216; 9404; 3672],[[117784; 126648]; [112812; 150428]; [127948; 142636]],False
150,U529,U519,yxrxyhlkae,120000,['M1'; 'M3'; 'M5'],[3417; 5478; 1905],[[116583; 130251]; [117939; 139851]; [126990; 134610]],False
151,U542,U99,pubwccbeym,120000,['M2'; 'M3'; 'M6'],[2020; 25206; 20429],[[117980; 126060]; [96814; 197638]; [126797; 208513]],False
152,U789,U994,oqhvhadcin,120000,['M2'; 'M3'; 'M6'],[2988; 3884; 3354],[[117012; 128964]; [119104; 134640]; [123518; 136934]],False
153,U730,U829,rwfbcflyte,120000,['M2'; 'M4'; 'M6'],[17149; 29522; 5567],[[102851; 171447]; [107627; 225715]; [161104; 183372]],False
154,U636,U26,qnvypbsmoo,120000,['M2'; 'M3'; 'M6'],[36556; 12311; 18415],[[83444; 229668]; [144245; 193489]; [150452; 224112]],False
155,U72,U109,czsehgkqqj,120000,['M2'; 'M4'; 'M5'],[5288; 5226; 13854],[[114712; 135864]; [120062; 140966]; [116660; 172076]],False
156,U882,U461,bpmfkgcakl,120000,['M1'; 'M4'; 'M6'],[9646; 7747; 2396],[[110354; 148938]; [121899; 152887]; [134997; 144581]],False
157,U18,U546,djdlffkyqe,120000,['M2'; 'M4'; 'M6'],[26391; 4347; 3476],[[93609; 199173]; [142044; 159432]; [147262; 161166]],False
158,U602,U339,llxdzrppii,120000,['M2'; 'M3'; 'M6'],[28557; 38319; 12282],[[91443; 205671]; [110238; 263514]; [174594; 223722]],False
159,U855,U569,pmywsuoilo,120000,['M1'; 'M4'; 'M6'],[985; 8601; 2484],[[119015; 122955]; [112384; 146788]; [127102; 137038]],False
160,U918,U891,xtuhazrruw,120000,['M2'; 'M4'; 'M6'],[9999; 8625; 3388],[[110001; 149997]; [121374; 155874]; [135236; 148788]],False
161,U308,U5,thyxdhkvfe,120000,['M1'; 'M3'; 'M6'],[18304; 9743; 38133],[[101696; 174912]; [128561; 167533]; [109914; 262446]],False
162,U595,U782,btvaldlesq,120000,['M1'; 'M4'; 'M5'],[37197; 9497; 13984],[[82803; 231591]; [147700; 185688]; [152710; 208646]],False
163,U334,U342,nreztuwuwd,120000,['M2'; 'M3'; 'M6'],[17161; 14583; 3084],[[102839; 171483]; [122578; 180910]; [148660; 160996]],False
164,U291,U735,uywimsygiv,120000,['M2'; 'M3'; 'M6'],[5304; 9145; 4177],[[114696; 135912]; [116159; 152739]; [130272; 146980]],False
165,U267,U46,mjhhzvfqft,120000,['M1'; 'M4'; 'M5'],[4232; 7222; 8746],[[115768; 132696]; [117010; 145898]; [122708; 157692]],False
166,U921,U304,ituiedstwq,120000,['M2'; 'M4'; 'M5'],[22504; 5991; 17805],[[97496; 187512]; [136513; 160477]; [130690; 201910]],False
167,U534,U247,rkrhkpnilx,120000,['M2'; 'M4'; 'M6'],[8775; 502; 4884],[[111225; 146325]; [128273; 130281]; [124393; 143929]],False
168,U156,U541,xwperwdyuv,120000,['M2'; 'M4'; 'M5'],[16492; 1099; 3301],[[103508; 169476]; [135393; 139789]; [134290; 147494]],False
169,U692,U195,tlrbgbcpum,120000,['M2'; 'M3'; 'M6'],[42653; 28817; 2247],[[77347; 247959]; [133836; 249104]; [189223; 198211]],False
170,U563,U373,xrqfgqdrnq,120000,['M1'; 'M4'; 'M5'],[8657; 4670; 14542],[[111343; 145971]; [123987; 142667]; [118785; 176953]],False
171,U787,U736,jtmgymqrvx,120000,['M1'; 'M4'; 'M5'],[7656; 1067; 4054],[[112344; 142968]; [126589; 130857]; [124669; 140885]],False
172,U537,U213,jarxjpzzzk,120000,['M2'; 'M3'; 'M6'],[8979; 6508; 7004],[[111021; 146937]; [122471; 148503]; [128483; 156499]],False
173,U764,U931,nmbxsgodep,120000,['M2'; 'M4'; 'M5'],[35025; 8382; 6346],[[84975; 225075]; [146643; 180171]; [157061; 182445]],False
174,U659,U996,qayclnqjrz,120000,['M2'; 'M4'; 'M5'],[836; 6437; 8883],[[119164; 122508]; [114399; 140147]; [118390; 153922]],False
175,U673,U230,ffbiyhjubu,120000,['M2'; 'M3'; 'M5'],[2676; 35092; 4044],[[117324; 128028]; [87584; 227952]; [153724; 169900]],False
176,U885,U449,fnvenwxrig,120000,['M2'; 'M3'; 'M5'],[6156; 1721; 2862],[[113844; 138468]; [124435; 131319]; [125015; 136463]],False
177,U717,U187,vbljjipeiz,120000,['M2'; 'M4'; 'M6'],[3446; 17594; 21109],[[116554; 130338]; [105852; 176228]; [119931; 204367]],False
178,U363,U5,ybqdltmsdq,120000,['M2'; 'M3'; 'M5'],[5208; 2604; 14211],[[114792; 135624]; [122604; 133020]; [113601; 170445]],False
179,U795,U109,ygqfxsgnav,120000,['M2'; 'M3'; 'M6'],[3697; 4273; 813],[[116303; 131091]; [119424; 136516]; [127157; 130409]],False
180,U672,U824,cmfuzxgvzy,120000,['M2'; 'M3'; 'M6'],[3768; 6883; 7356],[[116232; 131304]; [116885; 144417]; [123295; 152719]],False
181,U51,U380,zcxpiasmmo,120000,['M1'; 'M4'; 'M5'],[1232; 8052; 11001],[[118768; 123696]; [113180; 145388]; [118283; 162287]],False
182,U305,U989,ovjtcfeftk,120000,['M1'; 'M3'; 'M5'],[24370; 8127; 48462],[[95630; 193110]; [136243; 168751]; [104035; 297883]],False
183,U50,U714,jwmugtaylw,120000,['M2'; 'M3'; 'M5'],[2206; 7469; 2220],[[117794; 126618]; [114737; 144613]; [127455; 136335]],False
184,U632,U610,exeyulycdu,120000,['M1'; 'M3'; 'M6'],[16345; 7254; 545],[[103655; 169035]; [129091; 158107]; [143054; 145234]],False
185,U425,U125,xfutxtkcbu,120000,['M2'; 'M3'; 'M5'],[5610; 10342; 28073],[[114390; 136830]; [115268; 156636]; [107879; 220171]],False
186,U807,U423,szjhujziuy,120000,['M1'; 'M3'; 'M6'],[16735; 17250; 8071],[[103265; 170205]; [119485; 188485]; [145914; 178198]],False
187,U751,U715,gtxklrsqcm,120000,['M1'; 'M3'; 'M5'],[4724; 4288; 8026],[[115276; 134172]; [120436; 137588]; [120986; 153090]],False
188,U134,U947,frtmhfupax,120000,['M2'; 'M4'; 'M6'],[778; 16944; 4036],[[119222; 122334]; [103834; 171610]; [133686; 149830]],False
189,U16,U996,xcexxojfry,120000,['M1'; 'M4'; 'M5'],[7461; 1831; 2009],[[112539; 142383]; [125630; 132954]; [127283; 135319]],False
190,U573,U197,nsaxqzqguk,120000,['M2'; 'M3'; 'M5'],[1287; 6602; 9361],[[118713; 123861]; [114685; 141093]; [118528; 155972]],False
191,U119,U559,dwppctenql,120000,['M1'; 'M3'; 'M6'],[6093; 8130; 8419],[[113907; 138279]; [117963; 150483]; [125804; 159480]],False
192,U35,U881,gfvzxaukao,120000,['M2'; 'M3'; 'M6'],[13142; 20469; 2528],[[106858; 159426]; [112673; 194549]; [151083; 161195]],False
193,U924,U231,cewlgvrfir,120000,['M2'; 'M4'; 'M6'],[1660; 1124; 27246],[[118340; 124980]; [120536; 125032]; [95538; 204522]],False
194,U247,U171,dflfusesni,120000,['M2'; 'M4'; 'M6'],[13565; 8428; 5937],[[106435; 160695]; [125137; 158849]; [136056; 159804]],False
195,U926,U438,odrwjwnuuk,120000,['M1'; 'M4'; 'M5'],[4106; 11996; 3716],[[115894; 132318]; [112110; 160094]; [132386; 147250]],False
196,U112,U759,rizgojuwow,120000,['M1'; 'M4'; 'M6'],[4762; 7796; 12229],[[115238; 134286]; [116966; 148150]; [120329; 169245]],False
197,U420,U638,lqmsibcfya,120000,['M1'; 'M4'; 'M6'],[2510; 13974; 2483],[[117490; 127530]; [108536; 164432]; [134001; 143933]],False
198,U387,U817,bhjblnzotq,120000,['M1'; 'M3'; 'M5'],[18907; 14642; 4034],[[101093; 176721]; [124265; 182833]; [149515; 165651]],False
199,U598,U839,ginxuikfqn,120000,['M1'; 'M3'; 'M5'],[4378; 19454; 7302],[[115622; 133134]; [104924; 182740]; [136530; 165738]],False
200,U77,U50,bdntwklphq,120000,['M2'; 'M3'; 'M6'],[2603; 1328; 604],[[117397; 127809]; [121275; 126587]; [123327; 125743]],False
201,U192,U368,rxeavisnnj,120000,['M2'; 'M4'; 'M5'],[11051; 12037; 4608],[[108949; 153153]; [119014; 167162]; [138480; 156912]],False
202,U733,U631,gashoremib,120000,['M1'; 'M4'; 'M6'],[6447; 25377; 2487],[[113553; 139341]; [101070; 202578]; [149337; 159285]],False
203,U475,U57,eoiteiddhy,120000,['M2'; 'M4'; 'M5'],[2667; 6699; 25968],[[117333; 128001]; [115968; 142764]; [103398; 207270]],False
204,U412,U838,glcxybtepx,120000,['M1'; 'M4'; 'M5'],[8067; 11264; 3534],[[111933; 144201]; [116803; 161859]; [135797; 149933]],False
205,U487,U643,nhwolhgxdp,120000,['M2'; 'M4'; 'M6'],[17758; 1456; 13609],[[102242; 173274]; [136302; 142126]; [125605; 180041]],False
206,U320,U236,rcxhyvsvwu,180000,['M1'; 'M4'; 'M5'],[8028; 5947; 7468],[[171972; 204084]; [182081; 205869]; [186507; 216379]],False
207,U38,U379,frqgucopzx,180000,['M1'; 'M3'; 'M5'],[12754; 16338; 30812],[[167246; 218262]; [176416; 241768]; [178280; 301528]],False
208,U667,U862,hznvfjjkyn,180000,['M2'; 'M3'; 'M6'],[19650; 4215; 13529],[[160350; 238950]; [195435; 212295]; [190336; 244452]],False
209,U133,U973,cxqyrvchfp,180000,['M1'; 'M4'; 'M6'],[18366; 49675; 6525],[[161634; 235098]; [148691; 347391]; [241516; 267616]],False
210,U911,U953,kgbqjqzlhp,180000,['M2'; 'M3'; 'M6'],[1596; 3866; 2899],[[178404; 184788]; [177730; 193194]; [182563; 194159]],False
211,U603,U572,oxrzyrpqmr,180000,['M2'; 'M3'; 'M6'],[17295; 800; 656],[[162705; 231885]; [196495; 199695]; [197439; 200063]],False
212,U37,U651,ualdctgsbj,180000,['M2'; 'M3'; 'M6'],[11029; 8442; 21822],[[168971; 213087]; [182587; 216355]; [177649; 264937]],False
213,U476,U957,vaeclifrwv,180000,['M1'; 'M3'; 'M6'],[33625; 4883; 1943],[[146375; 280875]; [208742; 228274]; [216565; 224337]],False
214,U308,U5,dzlcbeducn,180000,['M2'; 'M3'; 'M5'],[5116; 15214; 792],[[174884; 195348]; [169902; 230758]; [199538; 202706]],False
215,U12,U515,wiktwayluh,180000,['M2'; 'M4'; 'M5'],[6521; 17421; 21616],[[173479; 199563]; [169100; 238784]; [182326; 268790]],False
216,U523,U825,efjyazegex,180000,['M2'; 'M4'; 'M6'],[11432; 20259; 2264],[[168568; 214296]; [171173; 252209]; [209427; 218483]],False
217,U56,U158,jbrngxyxbi,180000,['M2'; 'M3'; 'M5'],[9217; 1367; 9705],[[170783; 207651]; [187850; 193318]; [180879; 219699]],False
218,U400,U286,djrazjudfd,180000,['M2'; 'M3'; 'M6'],[14385; 7980; 5643],[[165615; 223155]; [186405; 218325]; [196722; 219294]],False
219,U764,U826,iaeizhnleg,180000,['M2'; 'M3'; 'M6'],[21525; 5542; 897],[[158475; 244575]; [195983; 218151]; [206170; 209758]],False
220,U281,U584,tfaokmrpbf,180000,['M2'; 'M3'; 'M6'],[11762; 8132; 1468],[[168238; 215286]; [183630; 216158]; [198426; 204298]],False
221,U16,U143,daviwvfunz,180000,['M2'; 'M3'; 'M6'],[2055; 8606; 7955],[[177945; 186165]; [173449; 207873]; [182706; 214526]],False
222,U820,U134,qxtfzyqvkh,180000,['M1'; 'M4'; 'M6'],[10348; 19530; 21748],[[169652; 211044]; [170818; 248938]; [188130; 275122]],False
223,U584,U116,dlmfstegam,180000,['M2'; 'M3'; 'M6'],[899; 5584; 12092],[[179101; 182697]; [175315; 197651]; [174391; 222759]],False
224,U745,U65,xjkcdoeprx,180000,['M1'; 'M4'; 'M6'],[3879; 4367; 874],[[176121; 191637]; [179512; 196980]; [187372; 190868]],False
225,U121,U124,kisaxyidyx,180000,['M1'; 'M3'; 'M6'],[5872; 11522; 1674],[[174128; 197616]; [174350; 220438]; [195720; 202416]],False
226,U359,U278,cppeheejuf,180000,['M2'; 'M4'; 'M5'],[36604; 23799; 9066],[[143396; 289812]; [192805; 288001]; [231337; 267601]],False
227,U396,U632,gkqehyjfet,180000,['M2'; 'M3'; 'M5'],[1696; 871; 5658],[[178304; 185088]; [180825; 184309]; [176909; 199541]],False
228,U772,U912,ihnshmzscc,180000,['M1'; 'M4'; 'M6'],[37885; 523; 2150],[[142115; 293655]; [217362; 219454]; [216258; 224858]],False
229,U645,U497,azhpgvntlp,180000,['M2'; 'M4'; 'M6'],[4316; 2876; 5233],[[175684; 192948]; [181440; 192944]; [181959; 202891]],False
230,U178,U474,jnryuvvbye,180000,['M2'; 'M3'; 'M6'],[2019; 16535; 5595],[[177981; 186057]; [165484; 231624]; [192959; 215339]],False
231,U538,U482,wajszcxapj,180000,['M2'; 'M4'; 'M5'],[596; 14485; 13254],[[179404; 181788]; [166111; 224051]; [181827; 234843]],False
232,U859,U667,zgfgabdtlq,180000,['M2'; 'M4'; 'M6'],[1557; 14048; 13971],[[178443; 184671]; [167509; 223701]; [181634; 237518]],False
233,U355,U936,esnjevjuvi,180000,['M2'; 'M4'; 'M5'],[7241; 9620; 8770],[[172759; 201723]; [177621; 216101]; [188091; 223171]],False
234,U8,U453,coepxujnfq,180000,['M2'; 'M3'; 'M6'],[821; 1135; 7797],[[179179; 182463]; [179686; 184226]; [174159; 205347]],False
235,U345,U531,jrlhnxejsv,180000,['M1'; 'M4'; 'M5'],[6030; 11299; 10369],[[173970; 198090]; [174731; 219927]; [186960; 228436]],False
236,U861,U665,pxqyvvlopo,180000,['M1'; 'M4'; 'M6'],[9644; 18911; 4673],[[170356; 208932]; [170733; 246377]; [203882; 222574]],False
237,U432,U201,jotxvpizsi,180000,['M2'; 'M4'; 'M5'],[8342; 14036; 25914],[[171658; 205026]; [174306; 230450]; [176464; 280120]],False
238,U81,U393,olltergbux,180000,['M1'; 'M3'; 'M6'],[44577; 6513; 54518],[[135423; 313731]; [218064; 244116]; [176572; 394644]],False
239,U387,U780,vogvzvyiud,180000,['M1'; 'M4'; 'M6'],[8221; 5217; 3991],[[171779; 204663]; [183004; 203872]; [189447; 205411]],False
240,U381,U378,vskolyyxlr,180000,['M2'; 'M3'; 'M6'],[2211; 14384; 15922],[[177789; 186633]; [167827; 225363]; [180673; 244361]],False
241,U535,U419,lprdcthhum,180000,['M1'; 'M4'; 'M5'],[9326; 9051; 10062],[[170674; 207978]; [180275; 216479]; [188315; 228563]],False
242,U857,U160,xqltvuagyc,180000,['M2'; 'M4'; 'M5'],[10955; 7000; 18405],[[169045; 212865]; [183955; 211955]; [179550; 253170]],False
243,U241,U892,qrxkbyvoyz,180000,['M2'; 'M4'; 'M5'],[9113; 3069; 10161],[[170887; 207339]; [186044; 198320]; [182021; 222665]],False
244,U697,U699,tidkctwpuf,180000,['M1'; 'M4'; 'M5'],[1705; 2730; 4282],[[178295; 185115]; [178975; 189895]; [180153; 197281]],False
245,U559,U299,gbzxqcdhka,180000,['M2'; 'M4'; 'M5'],[1466; 4930; 5598],[[178534; 184398]; [176536; 196256]; [180798; 203190]],False
246,U290,U626,bebqmmizfc,180000,['M1'; 'M4'; 'M5'],[12547; 5385; 8793],[[167453; 217641]; [187162; 208702]; [189139; 224311]],False
247,U71,U100,hrgssqqmul,180000,['M2'; 'M3'; 'M6'],[4069; 3777; 13091],[[175931; 192207]; [180292; 195400]; [174755; 227119]],False
248,U865,U157,atykbpcbba,180000,['M1'; 'M3'; 'M6'],[2172; 1037; 4165],[[177828; 186516]; [181135; 185283]; [179044; 195704]],False
249,U926,U705,ryhdrlcjdp,180000,['M2'; 'M3'; 'M5'],[3619; 20382; 4234],[[176381; 190857]; [163237; 244765]; [199767; 216703]],False
250,U642,U8,ycddhqkorz,180000,['M2'; 'M3'; 'M6'],[11731; 1948; 5204],[[168269; 215193]; [189783; 197575]; [188475; 209291]],False
251,U708,U215,qltmaooewp,180000,['M2'; 'M4'; 'M5'],[1788; 14227; 21971],[[178212; 185364]; [167561; 224469]; [174044; 261928]],False
252,U529,U881,arvxzjfgmv,180000,['M1'; 'M4'; 'M6'],[17941; 7481; 9187],[[162059; 233823]; [190460; 220384]; [196235; 232983]],False
253,U632,U453,jnkvdsqsxs,180000,['M1'; 'M3'; 'M5'],[2393; 41801; 19264],[[177607; 187179]; [140592; 307796]; [204930; 281986]],False
254,U13,U81,bvnegikfri,180000,['M1'; 'M3'; 'M5'],[1192; 17660; 1793],[[178808; 183576]; [163532; 234172]; [197059; 204231]],False
255,U248,U759,pshczuolxv,180000,['M2'; 'M3'; 'M5'],[5758; 20999; 747],[[174242; 197274]; [164759; 248755]; [206010; 208998]],False
256,U486,U88,iwosecwwwm,180000,['M2'; 'M4'; 'M6'],[1069; 2004; 5616],[[178931; 183207]; [179065; 187081]; [177457; 199921]],False
257,U976,U161,rjbaazkwfc,180000,['M2'; 'M4'; 'M5'],[10248; 23896; 8523],[[169752; 210744]; [166352; 261936]; [205621; 239713]],False
258,U714,U464,szakovknjz,180000,['M1'; 'M3'; 'M5'],[577; 3073; 1873],[[179423; 181731]; [177504; 189796]; [181777; 189269]],False
259,U368,U962,cxnvyxwozu,180000,['M2'; 'M3'; 'M6'],[791; 1762; 35938],[[179209; 182373]; [179029; 186077]; [146615; 290367]],False
260,U945,U893,scrbjdxqmh,180000,['M1'; 'M3'; 'M6'],[1752; 14259; 12587],[[178248; 185256]; [167493; 224529]; [183424; 233772]],False
261,U236,U406,ysiaobmgxu,180000,['M1'; 'M4'; 'M5'],[11243; 7841; 42079],[[168757; 213729]; [183402; 214766]; [157005; 325321]],False
262,U689,U644,nrhuymccsm,180000,['M1'; 'M3'; 'M6'],[9602; 30097; 9604],[[170398; 208806]; [159505; 279893]; [210095; 248511]],False
263,U870,U191,sunkkdbxwj,180000,['M2'; 'M3'; 'M5'],[5636; 2225; 25437],[[174364; 196908]; [183411; 192311]; [162424; 264172]],False
264,U412,U611,mncuevgacb,180000,['M1'; 'M4'; 'M5'],[826; 19752; 3436],[[179174; 182478]; [161074; 240082]; [197142; 210886]],False
265,U258,U596,qhesetxmpo,180000,['M1'; 'M3'; 'M6'],[1344; 19945; 22086],[[178656; 184032]; [161399; 241179]; [179203; 267547]],False
266,U235,U880,tmgmsznpks,180000,['M2'; 'M3'; 'M6'],[38635; 4014; 12682],[[141365; 295905]; [214621; 230677]; [209967; 260695]],False
267,U750,U259,pdcuqegopw,180000,['M1'; 'M3'; 'M6'],[1720; 2113; 13819],[[178280; 185160]; [179607; 188059]; [170014; 225290]],False
268,U379,U319,crxfgdxgjk,180000,['M2'; 'M3'; 'M6'],[4845; 3068; 874],[[175155; 194535]; [181777; 194049]; [187039; 190535]],False
269,U470,U764,niihkbajpe,180000,['M2'; 'M3'; 'M6'],[28742; 26335; 5738],[[151258; 266226]; [182407; 287747]; [229339; 252291]],False
270,U519,U698,xvrjzihulm,180000,['M1'; 'M3'; 'M6'],[3084; 12957; 24042],[[176916; 189252]; [170127; 221955]; [171999; 268167]],False
271,U214,U485,eaosfrcysz,180000,['M2'; 'M4'; 'M6'],[19379; 9522; 969],[[160621; 238137]; [189857; 227945]; [207932; 211808]],False
272,U518,U740,nltwovikyt,180000,['M2'; 'M4'; 'M5'],[8011; 4968; 25514],[[171989; 204033]; [183043; 202915]; [167465; 269521]],False
273,U99,U692,kkpiokifzr,180000,['M2'; 'M3'; 'M6'],[4220; 10377; 5599],[[175780; 192660]; [173843; 215351]; [188998; 211394]],False
274,U912,U214,lmnyeqosnx,180000,['M2'; 'M4'; 'M6'],[20324; 8469; 16383],[[159676; 240972]; [191855; 225731]; [192410; 257942]],False
275,U374,U348,lxvrhqxzas,180000,['M2'; 'M3'; 'M5'],[3798; 13106; 31422],[[176202; 191394]; [170692; 223116]; [165482; 291170]],False
276,U623,U218,rxzejilgaa,180000,['M1'; 'M3'; 'M5'],[11256; 24926; 18559],[[168744; 213768]; [166330; 266034]; [197623; 271859]],False
277,U322,U587,uaqvjaiqju,180000,['M1'; 'M3'; 'M6'],[17199; 1277; 7081],[[162801; 231597]; [195922; 201030]; [191395; 219719]],False
278,U815,U14,hvjxfmdfca,180000,['M1'; 'M4'; 'M5'],[2231; 9889; 20624],[[177769; 186693]; [172342; 211898]; [171496; 253992]],False
279,U489,U382,pouuzwakmu,180000,['M1'; 'M3'; 'M5'],[12696; 38308; 20961],[[167304; 218088]; [154388; 307620]; [210043; 293887]],False
280,U816,U710,zhuqouvnhm,240000,['M2'; 'M4'; 'M6'],[5309; 14272; 3895],[[234691; 255927]; [231037; 288125]; [255686; 271266]],False
281,U699,U90,aaxbitsvua,240000,['M2'; 'M3'; 'M6'],[5859; 12694; 5555],[[234141; 257577]; [233165; 283941]; [252998; 275218]],False
282,U768,U75,zuoxqlkoew,240000,['M2'; 'M4'; 'M6'],[17866; 6240; 2952],[[222134; 293598]; [251626; 276586]; [261154; 272962]],False
283,U526,U646,qmkjqiowxp,240000,['M2'; 'M4'; 'M6'],[13170; 5098; 8692],[[226830; 279510]; [248072; 268464]; [249576; 284344]],False
284,U114,U225,yrujmspvnn,240000,['M2'; 'M4'; 'M6'],[3222; 8165; 10882],[[236778; 249666]; [235057; 267717]; [240505; 284033]],False
285,U778,U786,ufaowurrha,240000,['M2'; 'M3'; 'M5'],[4632; 30533; 17771],[[235368; 253896]; [214099; 336231]; [257394; 328478]],False
286,U155,U937,vnakipqnui,240000,['M2'; 'M3'; 'M5'],[7321; 23792; 2708],[[232679; 261963]; [223529; 318697]; [268405; 279237]],False
287,U45,U602,irgdcnkbbd,240000,['M2'; 'M4'; 'M6'],[567; 4884; 22753],[[239433; 241701]; [235683; 255219]; [222698; 313710]],False
288,U635,U313,fheycljrbl,240000,['M2'; 'M4'; 'M6'],[2166; 18025; 5690],[[237834; 246498]; [224141; 296241]; [254501; 277261]],False
289,U26,U803,xhvmyukkuz,240000,['M2'; 'M4'; 'M6'],[3516; 22230; 4118],[[236484; 250548]; [221286; 310206]; [261628; 278100]],False
290,U1000,U416,xwzgockzyf,240000,['M2'; 'M3'; 'M5'],[6911; 3834; 15606],[[233089; 260733]; [243077; 258413]; [235139; 297563]],False
291,U501,U271,aszroixjjh,240000,['M1'; 'M3'; 'M5'],[5619; 2751; 4509],[[234381; 256857]; [242868; 253872]; [243861; 261897]],False
292,U753,U302,ehbewxries,240000,['M2'; 'M4'; 'M6'],[7495; 1845; 11536],[[232505; 262485]; [245650; 253030]; [237804; 283948]],False
293,U66,U322,ddlawmaucm,240000,['M1'; 'M3'; 'M6'],[9569; 17828; 7572],[[230431; 268707]; [231741; 303053]; [259825; 290113]],False
294,U296,U121,jxuecqdnpf,240000,['M2'; 'M4'; 'M5'],[7344; 57705; 11436],[[232656; 262032]; [189639; 420459]; [293613; 339357]],False
295,U955,U571,zrqfmrvfuj,240000,['M1'; 'M4'; 'M5'],[13618; 3514; 2557],[[226382; 280854]; [250104; 264160]; [254575; 264803]],False
296,U140,U948,xrjxqufayz,240000,['M1'; 'M3'; 'M6'],[19808; 7129; 2916],[[220192; 299424]; [252679; 281195]; [264021; 275685]],False
297,U788,U347,ymverajgkk,240000,['M2'; 'M3'; 'M6'],[3487; 8305; 1436],[[236513; 250461]; [235182; 268402]; [250356; 256100]],False
298,U210,U118,zmtiszdgba,240000,['M1'; 'M3'; 'M5'],[15728; 12698; 8583],[[224272; 287184]; [243030; 293822]; [259843; 294175]],False
299,U264,U163,ydvlvvchmt,240000,['M1'; 'M4'; 'M6'],[2346; 6181; 2679],[[237654; 247038]; [236165; 260889]; [245848; 256564]],False
300,U408,U767,bhzmzbvdmc,240000,['M2'; 'M4'; 'M5'],[9655; 2502; 5101],[[230345; 268965]; [247153; 257161]; [247056; 267460]],False
301,U494,U370,nketzzuczd,240000,['M1'; 'M4'; 'M6'],[2922; 14502; 6622],[[237078; 248766]; [228420; 286428]; [250802; 277290]],False
302,U804,U180,ecldkuogyn,240000,['M2'; 'M3'; 'M6'],[1291; 23659; 10901],[[238709; 243873]; [217632; 312268]; [254049; 297653]],False
303,U301,U961,locclpvjlj,240000,['M2'; 'M3'; 'M5'],[11624; 17108; 684],[[228376; 274872]; [234516; 302948]; [268048; 270784]],False
304,U53,U698,xqqkulohdm,240000,['M1'; 'M4'; 'M6'],[4849; 20458; 9022],[[235151; 254547]; [224391; 306223]; [256285; 292373]],False
305,U406,U298,mzkoehamet,240000,['M2'; 'M3'; 'M5'],[15715; 6320; 3292],[[224285; 287145]; [249395; 274675]; [258743; 271911]],False
306,U594,U290,dgrekgzmlj,240000,['M2'; 'M4'; 'M6'],[4464; 10042; 1512],[[235536; 253392]; [234422; 274590]; [252994; 259042]],False
307,U672,U941,umpmycemqp,240000,['M1'; 'M4'; 'M5'],[2796; 24038; 23030],[[237204; 248388]; [218758; 314910]; [243804; 335924]],False
308,U687,U766,ekghftmewh,240000,['M2'; 'M4'; 'M6'],[12154; 22234; 17374],[[227846; 276462]; [229920; 318856]; [257014; 326510]],False
309,U448,U514,iyirmiiliz,240000,['M2'; 'M3'; 'M5'],[19429; 3294; 28818],[[220571; 298287]; [256135; 269311]; [233905; 349177]],False
310,U844,U638,fjmwvphuer,240000,['M2'; 'M4'; 'M5'],[2475; 3194; 8694],[[237525; 247425]; [239281; 252057]; [236975; 271751]],False
311,U839,U8,mjxljvbyyz,240000,['M1'; 'M4'; 'M5'],[13350; 6681; 11918],[[226650; 280050]; [246669; 273393]; [248113; 295785]],False
312,U902,U459,qbexkjagfj,240000,['M2'; 'M4'; 'M6'],[3635; 4097; 12672],[[236365; 250905]; [239538; 255926]; [235060; 285748]],False
313,U60,U267,ctyqjklngd,240000,['M2'; 'M3'; 'M6'],[33633; 21483; 903],[[206367; 340899]; [252150; 338082]; [294213; 297825]],False
314,U794,U977,tkdxlehmqg,240000,['M2'; 'M4'; 'M6'],[3445; 28502; 9904],[[236555; 250335]; [214943; 328951]; [262043; 301659]],False
315,U973,U827,fefjkltynq,240000,['M1'; 'M3'; 'M6'],[10672; 4393; 11374],[[229328; 272016]; [246279; 263851]; [243691; 289187]],False
316,U689,U185,ezgalmmumb,240000,['M1'; 'M4'; 'M6'],[1548; 13071; 6466],[[238452; 244644]; [228477; 280761]; [248153; 274017]],False
317,U490,U413,ryteohttar,240000,['M2'; 'M3'; 'M6'],[13187; 16571; 4484],[[226813; 279561]; [236616; 302900]; [265274; 283210]],False
318,U29,U210,vqmpwwjpbx,240000,['M2'; 'M3'; 'M5'],[3429; 2574; 9160],[[236571; 250287]; [240855; 251151]; [236843; 273483]],False
319,U104,U908,hwjqdxywof,240000,['M2'; 'M3'; 'M6'],[33835; 27464; 34084],[[206165; 341505]; [246371; 356227]; [267215; 403551]],False
320,U901,U564,msslyjhzxm,240000,['M1'; 'M4'; 'M6'],[3570; 19247; 10537],[[236430; 250710]; [224323; 301311]; [252280; 294428]],False
321,U369,U277,ruiusiyifx,240000,['M2'; 'M3'; 'M6'],[2386; 5258; 1778],[[237614; 247158]; [237128; 258160]; [245866; 252978]],False
322,U949,U606,jeosktbliv,240000,['M1'; 'M3'; 'M5'],[5369; 29576; 1988],[[234631; 256107]; [215793; 334097]; [272957; 280909]],False
323,U432,U229,pstbpuxich,240000,['M1'; 'M3'; 'M6'],[2670; 11339; 611],[[237330; 248010]; [231331; 276687]; [253398; 255842]],False
324,U784,U526,bvzoecuayx,240000,['M2'; 'M4'; 'M6'],[14465; 545; 9305],[[225535; 283395]; [253920; 256100]; [245705; 282925]],False
325,U620,U423,wdviwiyuiz,240000,['M2'; 'M4'; 'M6'],[8948; 22854; 33141],[[231052; 266844]; [226094; 317510]; [238661; 371225]],False
326,U379,U82,yhpkuukmgy,240000,['M2'; 'M3'; 'M5'],[1774; 4843; 533],[[238226; 245322]; [236931; 256303]; [246084; 248216]],False
327,U890,U700,zzjnsdkpus,240000,['M2'; 'M3'; 'M6'],[59378; 2458; 7039],[[180622; 418134]; [296920; 306752]; [294797; 322953]],False
328,U503,U99,xqyripaxdv,240000,['M2'; 'M3'; 'M6'],[4283; 3147; 2521],[[235717; 252849]; [241136; 253724]; [244909; 254993]],False
329,U790,U423,qcmusgflor,240000,['M2'; 'M4'; 'M6'],[4688; 2403; 5706],[[235312; 254064]; [242285; 251897]; [241385; 264209]],False
330,U366,U361,kineqllnas,240000,['M2'; 'M3'; 'M5'],[21916; 4643; 9572],[[218084; 305748]; [257273; 275845]; [256987; 295275]],False
331,U477,U958,hpvqqmoxup,240000,['M1'; 'M3'; 'M5'],[40998; 754; 20154],[[199002; 362994]; [280244; 283260]; [261598; 342214]],False
332,U814,U54,fxjelftarz,240000,['M2'; 'M3'; 'M5'],[708; 42563; 3340],[[239292; 242124]; [198145; 368397]; [279931; 293291]],False
333,U187,U542,kvaucfpnbe,240000,['M1'; 'M3'; 'M6'],[6508; 6063; 14216],[[233492; 259524]; [240445; 264697]; [238355; 295219]],False
334,U762,U10,soxqkwrznt,240000,['M2'; 'M4'; 'M6'],[9103; 2192; 2877],[[230897; 267309]; [246911; 255679]; [248418; 259926]],False
335,U523,U436,mzcgkhxvni,240000,['M1'; 'M3'; 'M6'],[4418; 19812; 32951],[[235582; 253254]; [224606; 303854]; [231279; 363083]],False
336,U944,U233,kqpbauyjzz,240000,['M1'; 'M4'; 'M5'],[1120; 24841; 3669],[[238880; 243360]; [216279; 315643]; [262292; 276968]],False
337,U332,U101,yikuilcdhn,240000,['M1'; 'M4'; 'M6'],[7546; 3457; 11885],[[232454; 262638]; [244089; 257917]; [239118; 286658]],False
338,U77,U50,khljajtufm,240000,['M1'; 'M3'; 'M5'],[16200; 1465; 8984],[[223800; 288600]; [254735; 260595]; [248681; 284617]],False
339,U486,U88,klyiotxrks,240000,['M2'; 'M4'; 'M5'],[915; 5185; 9695],[[239085; 242745]; [235730; 256470]; [236405; 275185]],False
340,U916,U950,cdfsqvsrre,240000,['M1'; 'M3'; 'M5'],[5048; 6714; 21960],[[234952; 255144]; [238334; 265190]; [229802; 317642]],False
341,U73,U38,amzaqjgpff,240000,['M2'; 'M3'; 'M6'],[911; 13325; 16741],[[239089; 242733]; [227586; 280886]; [237495; 304459]],False
342,U782,U357,cgpqjdwzxq,240000,['M2'; 'M4'; 'M5'],[7322; 19629; 9570],[[232678; 261966]; [227693; 306209]; [257381; 295661]],False
343,U541,U81,vcctyntmqe,240000,['M2'; 'M3'; 'M5'],[4679; 11451; 11646],[[235321; 254037]; [233228; 279032]; [244484; 291068]],False
344,U331,U514,yixncrpsrm,240000,['M2'; 'M4'; 'M5'],[11106; 6115; 31375],[[228894; 273318]; [244991; 269451]; [225846; 351346]],False
345,U106,U245,yytfjcgabk,240000,['M2'; 'M4'; 'M5'],[4423; 9456; 6764],[[235577; 253269]; [234967; 272791]; [247115; 274171]],False
346,U131,U181,sylixzopob,240000,['M2'; 'M4'; 'M5'],[40957; 14565; 4693],[[199043; 362871]; [266392; 324652]; [290829; 309601]],False
347,U212,U647,douxswwvkq,240000,['M2'; 'M3'; 'M5'],[4032; 7678; 6586],[[235968; 252096]; [236354; 267066]; [245124; 271468]],False
348,U7,U25,aapoauafpb,240000,['M2'; 'M3'; 'M5'],[41190; 13468; 14518],[[198810; 363570]; [267722; 321594]; [280140; 338212]],False
349,U504,U231,rcstvnzjxi,240000,['M1'; 'M3'; 'M5'],[3859; 4150; 5088],[[236141; 251577]; [239709; 256309]; [242921; 263273]],False
350,U886,U73,ypxkzntwuf,240000,['M2'; 'M4'; 'M5'],[16611; 1666; 12605],[[223389; 289833]; [254945; 261609]; [245672; 296092]],False
351,U970,U236,whhxahqgqv,240000,['M2'; 'M3'; 'M5'],[28276; 25864; 17842],[[211724; 324828]; [242412; 345868]; [276298; 347666]],False
352,U502,U406,gfmblpcqcb,240000,['M1'; 'M4'; 'M5'],[11215; 22515; 10254],[[228785; 273645]; [228700; 318760]; [263476; 304492]],False
353,U233,U717,gpjgevtrog,240000,['M2'; 'M4'; 'M5'],[9436; 10785; 14884],[[230564; 268308]; [238651; 281791]; [245337; 304873]],False
354,U560,U179,vaqwwviljc,240000,['M2'; 'M3'; 'M5'],[14881; 12767; 10838],[[225119; 284643]; [242114; 293182]; [256810; 300162]],False
355,U1,U935,elpnricehk,240000,['M2'; 'M4'; 'M5'],[31496; 16522; 17562],[[208504; 334488]; [254974; 321062]; [270456; 340704]],False
356,U236,U306,snbmywkbvw,240000,['M1'; 'M4'; 'M5'],[9179; 4928; 41901],[[230821; 267537]; [244251; 263963]; [212206; 379810]],False
357,U237,U144,phcpokxjzv,240000,['M2'; 'M4'; 'M5'],[7831; 32794; 8698],[[232169; 263493]; [215037; 346213]; [271927; 306719]],False
358,U903,U471,rkrxctgbid,240000,['M2'; 'M3'; 'M6'],[26540; 11380; 1444],[[213460; 319620]; [255160; 300680]; [276476; 282252]],False
359,U267,U554,fohlybwjeo,240000,['M1'; 'M3'; 'M6'],[3975; 8570; 12392],[[236025; 251925]; [235405; 269685]; [240153; 289721]],False
360,U142,U257,rhdvihnorm,240000,['M2'; 'M3'; 'M6'],[4534; 40077; 14682],[[235466; 253602]; [204457; 364765]; [269929; 328657]],False
361,U969,U463,flmzbgekqf,240000,['M1'; 'M3'; 'M5'],[6142; 3697; 1165],[[233858; 258426]; [242445; 257233]; [248674; 253334]],False
